{"initial_reset_timestamp": 1603360952.526935, "timestamps": [1603360984.7069051, 1603361017.2632153, 1603361041.8281722, 1603361066.4772184, 1603361089.715928, 1603361114.3540154, 1603361138.119003, 1603361161.0058534, 1603361169.6752894, 1603361194.374241, 1603361218.7442353, 1603361243.346628, 1603361267.7916772, 1603361285.4215367, 1603361309.8333895, 1603361334.317587, 1603361358.7076738, 1603361380.0019963, 1603361404.607365, 1603361428.721685, 1603361450.3209758, 1603361474.8785436, 1603361499.7658772, 1603361517.0954998, 1603361535.8046138, 1603361558.565775, 1603361583.0290782, 1603361610.6316752, 1603361633.7206633, 1603361656.1277936, 1603361678.2801797, 1603361698.7534902, 1603361722.9606078, 1603361745.611272, 1603361769.6907732, 1603361776.563808, 1603361800.6134582, 1603361824.7773814, 1603361848.9917347, 1603361872.6398327, 1603361896.7919369, 1603361920.8570426, 1603361945.130431, 1603361969.6632743, 1603361993.953173, 1603362018.109792, 1603362039.9992044, 1603362061.468049, 1603362081.730644], "episode_lengths": [200, 200, 198, 200, 187, 200, 193, 185, 35, 200, 200, 200, 200, 136, 200, 200, 200, 170, 200, 195, 173, 200, 200, 130, 143, 181, 200, 165, 184, 182, 180, 163, 200, 184, 200, 37, 200, 200, 200, 195, 200, 199, 200, 200, 200, 200, 159, 174, 163], "episode_rewards": [200.0, 200.0, 198.0, 200.0, 187.0, 200.0, 193.0, 185.0, 35.0, 200.0, 200.0, 200.0, 200.0, 136.0, 200.0, 200.0, 200.0, 170.0, 200.0, 195.0, 173.0, 200.0, 200.0, 130.0, 143.0, 181.0, 200.0, 165.0, 184.0, 182.0, 180.0, 163.0, 200.0, 184.0, 200.0, 37.0, 200.0, 200.0, 200.0, 195.0, 200.0, 199.0, 200.0, 200.0, 200.0, 200.0, 159.0, 174.0, 163.0], "episode_types": ["t", "t", "t", "t", "t", "t", "t", "t", "t", "t", "t", "t", "t", "t", "t", "t", "t", "t", "t", "t", "t", "t", "t", "t", "t", "t", "t", "t", "t", "t", "t", "t", "t", "t", "t", "t", "t", "t", "t", "t", "t", "t", "t", "t", "t", "t", "t", "t", "t", "t"]}